id,path,name
aclu/elections-api/state:0,states/state_ak.geojson,Alaska
aclu/elections-api/state:1,states/state_al.geojson,Alabama
aclu/elections-api/state:2,states/state_ar.geojson,Arkansas
aclu/elections-api/state:4,states/state_as.geojson,American Samoa
aclu/elections-api/state:5,states/state_az.geojson,Arizona
aclu/elections-api/state:6,states/state_ca.geojson,California
aclu/elections-api/state:7,states/state_co.geojson,Colorado
aclu/elections-api/state:8,states/state_ct.geojson,Connecticut
aclu/elections-api/state:9,states/state_dc.geojson,District of Columbia
aclu/elections-api/state:10,states/state_de.geojson,Delaware
aclu/elections-api/state:11,states/state_fl.geojson,Florida
aclu/elections-api/state:12,states/state_ga.geojson,Georgia
aclu/elections-api/state:13,states/state_gu.geojson,Guam
aclu/elections-api/state:14,states/state_hi.geojson,Hawaii
aclu/elections-api/state:15,states/state_ia.geojson,Iowa
aclu/elections-api/state:16,states/state_id.geojson,Idaho
aclu/elections-api/state:17,states/state_il.geojson,Illinois
aclu/elections-api/state:18,states/state_in.geojson,Indiana
aclu/elections-api/state:19,states/state_ks.geojson,Kansas
aclu/elections-api/state:20,states/state_ky.geojson,Kentucky
aclu/elections-api/state:21,states/state_la.geojson,Louisiana
aclu/elections-api/state:22,states/state_ma.geojson,Massachusetts
aclu/elections-api/state:23,states/state_md.geojson,Maryland
aclu/elections-api/state:24,states/state_me.geojson,Maine
aclu/elections-api/state:25,states/state_mi.geojson,Michigan
aclu/elections-api/state:26,states/state_mn.geojson,Minnesota
aclu/elections-api/state:27,states/state_mo.geojson,Missouri
aclu/elections-api/state:28,states/state_mp.geojson,Commonwealth of the Northern Mariana Islands
aclu/elections-api/state:29,states/state_ms.geojson,Mississippi
aclu/elections-api/state:30,states/state_mt.geojson,Montana
aclu/elections-api/state:31,states/state_nc.geojson,North Carolina
aclu/elections-api/state:32,states/state_nd.geojson,North Dakota
aclu/elections-api/state:33,states/state_ne.geojson,Nebraska
aclu/elections-api/state:34,states/state_nh.geojson,New Hampshire
aclu/elections-api/state:35,states/state_nj.geojson,New Jersey
aclu/elections-api/state:36,states/state_nm.geojson,New Mexico
aclu/elections-api/state:37,states/state_nv.geojson,Nevada
aclu/elections-api/state:38,states/state_ny.geojson,New York
aclu/elections-api/state:39,states/state_oh.geojson,Ohio
aclu/elections-api/state:40,states/state_ok.geojson,Oklahoma
aclu/elections-api/state:41,states/state_or.geojson,Oregon
aclu/elections-api/state:42,states/state_pa.geojson,Pennsylvania
aclu/elections-api/state:43,states/state_pr.geojson,Puerto Rico
aclu/elections-api/state:44,states/state_ri.geojson,Rhode Island
aclu/elections-api/state:45,states/state_sc.geojson,South Carolina
aclu/elections-api/state:46,states/state_sd.geojson,South Dakota
aclu/elections-api/state:47,states/state_tn.geojson,Tennessee
aclu/elections-api/state:48,states/state_tx.geojson,Texas
aclu/elections-api/state:49,states/state_ut.geojson,Utah
aclu/elections-api/state:50,states/state_va.geojson,Virginia
aclu/elections-api/state:51,states/state_vi.geojson,United States Virgin Islands
aclu/elections-api/state:52,states/state_vt.geojson,Vermont
aclu/elections-api/state:53,states/state_wa.geojson,Washington
aclu/elections-api/state:54,states/state_wi.geojson,Wisconsin
aclu/elections-api/state:55,states/state_wv.geojson,West Virginia
aclu/elections-api/state:56,states/state_wy.geojson,Wyoming
aclu/elections-api/congress_district:57,congress_districts_113/ak/congress_district_113_ak_00.geojson,AK Congressional District (at Large)
aclu/elections-api/congress_district:58,congress_districts_113/al/congress_district_113_al_01.geojson,AL Congressional District 1
aclu/elections-api/congress_district:59,congress_districts_113/al/congress_district_113_al_02.geojson,AL Congressional District 2
aclu/elections-api/congress_district:60,congress_districts_113/al/congress_district_113_al_03.geojson,AL Congressional District 3
aclu/elections-api/congress_district:61,congress_districts_113/al/congress_district_113_al_04.geojson,AL Congressional District 4
aclu/elections-api/congress_district:62,congress_districts_113/al/congress_district_113_al_05.geojson,AL Congressional District 5
aclu/elections-api/congress_district:63,congress_districts_113/al/congress_district_113_al_06.geojson,AL Congressional District 6
aclu/elections-api/congress_district:64,congress_districts_113/al/congress_district_113_al_07.geojson,AL Congressional District 7
aclu/elections-api/congress_district:65,congress_districts_113/ar/congress_district_113_ar_01.geojson,AR Congressional District 1
aclu/elections-api/congress_district:66,congress_districts_113/ar/congress_district_113_ar_02.geojson,AR Congressional District 2
aclu/elections-api/congress_district:67,congress_districts_113/ar/congress_district_113_ar_03.geojson,AR Congressional District 3
aclu/elections-api/congress_district:68,congress_districts_113/ar/congress_district_113_ar_04.geojson,AR Congressional District 4
aclu/elections-api/congress_district:69,congress_districts_113/as/congress_district_113_as_98.geojson,AS Delegate District (at Large)
aclu/elections-api/congress_district:70,congress_districts_113/az/congress_district_113_az_01.geojson,AZ Congressional District 1
aclu/elections-api/congress_district:71,congress_districts_113/az/congress_district_113_az_02.geojson,AZ Congressional District 2
aclu/elections-api/congress_district:72,congress_districts_113/az/congress_district_113_az_03.geojson,AZ Congressional District 3
aclu/elections-api/congress_district:73,congress_districts_113/az/congress_district_113_az_04.geojson,AZ Congressional District 4
aclu/elections-api/congress_district:74,congress_districts_113/az/congress_district_113_az_05.geojson,AZ Congressional District 5
aclu/elections-api/congress_district:75,congress_districts_113/az/congress_district_113_az_06.geojson,AZ Congressional District 6
aclu/elections-api/congress_district:76,congress_districts_113/az/congress_district_113_az_07.geojson,AZ Congressional District 7
aclu/elections-api/congress_district:77,congress_districts_113/az/congress_district_113_az_08.geojson,AZ Congressional District 8
aclu/elections-api/congress_district:78,congress_districts_113/az/congress_district_113_az_09.geojson,AZ Congressional District 9
aclu/elections-api/congress_district:79,congress_districts_113/ca/congress_district_113_ca_01.geojson,CA Congressional District 1
aclu/elections-api/congress_district:80,congress_districts_113/ca/congress_district_113_ca_02.geojson,CA Congressional District 2
aclu/elections-api/congress_district:81,congress_districts_113/ca/congress_district_113_ca_03.geojson,CA Congressional District 3
aclu/elections-api/congress_district:82,congress_districts_113/ca/congress_district_113_ca_04.geojson,CA Congressional District 4
aclu/elections-api/congress_district:83,congress_districts_113/ca/congress_district_113_ca_05.geojson,CA Congressional District 5
aclu/elections-api/congress_district:84,congress_districts_113/ca/congress_district_113_ca_06.geojson,CA Congressional District 6
aclu/elections-api/congress_district:85,congress_districts_113/ca/congress_district_113_ca_07.geojson,CA Congressional District 7
aclu/elections-api/congress_district:86,congress_districts_113/ca/congress_district_113_ca_08.geojson,CA Congressional District 8
aclu/elections-api/congress_district:87,congress_districts_113/ca/congress_district_113_ca_09.geojson,CA Congressional District 9
aclu/elections-api/congress_district:88,congress_districts_113/ca/congress_district_113_ca_10.geojson,CA Congressional District 10
aclu/elections-api/congress_district:89,congress_districts_113/ca/congress_district_113_ca_11.geojson,CA Congressional District 11
aclu/elections-api/congress_district:90,congress_districts_113/ca/congress_district_113_ca_12.geojson,CA Congressional District 12
aclu/elections-api/congress_district:91,congress_districts_113/ca/congress_district_113_ca_13.geojson,CA Congressional District 13
aclu/elections-api/congress_district:92,congress_districts_113/ca/congress_district_113_ca_14.geojson,CA Congressional District 14
aclu/elections-api/congress_district:93,congress_districts_113/ca/congress_district_113_ca_15.geojson,CA Congressional District 15
aclu/elections-api/congress_district:94,congress_districts_113/ca/congress_district_113_ca_16.geojson,CA Congressional District 16
aclu/elections-api/congress_district:95,congress_districts_113/ca/congress_district_113_ca_17.geojson,CA Congressional District 17
aclu/elections-api/congress_district:96,congress_districts_113/ca/congress_district_113_ca_18.geojson,CA Congressional District 18
aclu/elections-api/congress_district:97,congress_districts_113/ca/congress_district_113_ca_19.geojson,CA Congressional District 19
aclu/elections-api/congress_district:98,congress_districts_113/ca/congress_district_113_ca_20.geojson,CA Congressional District 20
aclu/elections-api/congress_district:99,congress_districts_113/ca/congress_district_113_ca_21.geojson,CA Congressional District 21
aclu/elections-api/congress_district:100,congress_districts_113/ca/congress_district_113_ca_22.geojson,CA Congressional District 22
aclu/elections-api/congress_district:101,congress_districts_113/ca/congress_district_113_ca_23.geojson,CA Congressional District 23
aclu/elections-api/congress_district:102,congress_districts_113/ca/congress_district_113_ca_24.geojson,CA Congressional District 24
aclu/elections-api/congress_district:103,congress_districts_113/ca/congress_district_113_ca_25.geojson,CA Congressional District 25
aclu/elections-api/congress_district:104,congress_districts_113/ca/congress_district_113_ca_26.geojson,CA Congressional District 26
aclu/elections-api/congress_district:105,congress_districts_113/ca/congress_district_113_ca_27.geojson,CA Congressional District 27
aclu/elections-api/congress_district:106,congress_districts_113/ca/congress_district_113_ca_28.geojson,CA Congressional District 28
aclu/elections-api/congress_district:107,congress_districts_113/ca/congress_district_113_ca_29.geojson,CA Congressional District 29
aclu/elections-api/congress_district:108,congress_districts_113/ca/congress_district_113_ca_30.geojson,CA Congressional District 30
aclu/elections-api/congress_district:109,congress_districts_113/ca/congress_district_113_ca_31.geojson,CA Congressional District 31
aclu/elections-api/congress_district:110,congress_districts_113/ca/congress_district_113_ca_32.geojson,CA Congressional District 32
aclu/elections-api/congress_district:111,congress_districts_113/ca/congress_district_113_ca_33.geojson,CA Congressional District 33
aclu/elections-api/congress_district:112,congress_districts_113/ca/congress_district_113_ca_34.geojson,CA Congressional District 34
aclu/elections-api/congress_district:113,congress_districts_113/ca/congress_district_113_ca_35.geojson,CA Congressional District 35
aclu/elections-api/congress_district:114,congress_districts_113/ca/congress_district_113_ca_36.geojson,CA Congressional District 36
aclu/elections-api/congress_district:115,congress_districts_113/ca/congress_district_113_ca_37.geojson,CA Congressional District 37
aclu/elections-api/congress_district:116,congress_districts_113/ca/congress_district_113_ca_38.geojson,CA Congressional District 38
aclu/elections-api/congress_district:117,congress_districts_113/ca/congress_district_113_ca_39.geojson,CA Congressional District 39
aclu/elections-api/congress_district:118,congress_districts_113/ca/congress_district_113_ca_40.geojson,CA Congressional District 40
aclu/elections-api/congress_district:119,congress_districts_113/ca/congress_district_113_ca_41.geojson,CA Congressional District 41
aclu/elections-api/congress_district:120,congress_districts_113/ca/congress_district_113_ca_42.geojson,CA Congressional District 42
aclu/elections-api/congress_district:121,congress_districts_113/ca/congress_district_113_ca_43.geojson,CA Congressional District 43
aclu/elections-api/congress_district:122,congress_districts_113/ca/congress_district_113_ca_44.geojson,CA Congressional District 44
aclu/elections-api/congress_district:123,congress_districts_113/ca/congress_district_113_ca_45.geojson,CA Congressional District 45
aclu/elections-api/congress_district:124,congress_districts_113/ca/congress_district_113_ca_46.geojson,CA Congressional District 46
aclu/elections-api/congress_district:125,congress_districts_113/ca/congress_district_113_ca_47.geojson,CA Congressional District 47
aclu/elections-api/congress_district:126,congress_districts_113/ca/congress_district_113_ca_48.geojson,CA Congressional District 48
aclu/elections-api/congress_district:127,congress_districts_113/ca/congress_district_113_ca_49.geojson,CA Congressional District 49
aclu/elections-api/congress_district:128,congress_districts_113/ca/congress_district_113_ca_50.geojson,CA Congressional District 50
aclu/elections-api/congress_district:129,congress_districts_113/ca/congress_district_113_ca_51.geojson,CA Congressional District 51
aclu/elections-api/congress_district:130,congress_districts_113/ca/congress_district_113_ca_52.geojson,CA Congressional District 52
aclu/elections-api/congress_district:131,congress_districts_113/ca/congress_district_113_ca_53.geojson,CA Congressional District 53
aclu/elections-api/congress_district:132,congress_districts_113/co/congress_district_113_co_01.geojson,CO Congressional District 1
aclu/elections-api/congress_district:133,congress_districts_113/co/congress_district_113_co_02.geojson,CO Congressional District 2
aclu/elections-api/congress_district:134,congress_districts_113/co/congress_district_113_co_03.geojson,CO Congressional District 3
aclu/elections-api/congress_district:135,congress_districts_113/co/congress_district_113_co_04.geojson,CO Congressional District 4
aclu/elections-api/congress_district:136,congress_districts_113/co/congress_district_113_co_05.geojson,CO Congressional District 5
aclu/elections-api/congress_district:137,congress_districts_113/co/congress_district_113_co_06.geojson,CO Congressional District 6
aclu/elections-api/congress_district:138,congress_districts_113/co/congress_district_113_co_07.geojson,CO Congressional District 7
aclu/elections-api/congress_district:139,congress_districts_113/ct/congress_district_113_ct_01.geojson,CT Congressional District 1
aclu/elections-api/congress_district:140,congress_districts_113/ct/congress_district_113_ct_02.geojson,CT Congressional District 2
aclu/elections-api/congress_district:141,congress_districts_113/ct/congress_district_113_ct_03.geojson,CT Congressional District 3
aclu/elections-api/congress_district:142,congress_districts_113/ct/congress_district_113_ct_04.geojson,CT Congressional District 4
aclu/elections-api/congress_district:143,congress_districts_113/ct/congress_district_113_ct_05.geojson,CT Congressional District 5
aclu/elections-api/congress_district:144,congress_districts_113/dc/congress_district_113_dc_98.geojson,DC Delegate District (at Large)
aclu/elections-api/congress_district:145,congress_districts_113/de/congress_district_113_de_00.geojson,DE Congressional District (at Large)
aclu/elections-api/congress_district:146,congress_districts_113/fl/congress_district_113_fl_01.geojson,FL Congressional District 1
aclu/elections-api/congress_district:147,congress_districts_113/fl/congress_district_113_fl_02.geojson,FL Congressional District 2
aclu/elections-api/congress_district:148,congress_districts_113/fl/congress_district_113_fl_03.geojson,FL Congressional District 3
aclu/elections-api/congress_district:149,congress_districts_113/fl/congress_district_113_fl_04.geojson,FL Congressional District 4
aclu/elections-api/congress_district:150,congress_districts_113/fl/congress_district_113_fl_05.geojson,FL Congressional District 5
aclu/elections-api/congress_district:151,congress_districts_113/fl/congress_district_113_fl_06.geojson,FL Congressional District 6
aclu/elections-api/congress_district:152,congress_districts_113/fl/congress_district_113_fl_07.geojson,FL Congressional District 7
aclu/elections-api/congress_district:153,congress_districts_113/fl/congress_district_113_fl_08.geojson,FL Congressional District 8
aclu/elections-api/congress_district:154,congress_districts_113/fl/congress_district_113_fl_09.geojson,FL Congressional District 9
aclu/elections-api/congress_district:155,congress_districts_113/fl/congress_district_113_fl_10.geojson,FL Congressional District 10
aclu/elections-api/congress_district:156,congress_districts_113/fl/congress_district_113_fl_11.geojson,FL Congressional District 11
aclu/elections-api/congress_district:157,congress_districts_113/fl/congress_district_113_fl_12.geojson,FL Congressional District 12
aclu/elections-api/congress_district:158,congress_districts_113/fl/congress_district_113_fl_13.geojson,FL Congressional District 13
aclu/elections-api/congress_district:159,congress_districts_113/fl/congress_district_113_fl_14.geojson,FL Congressional District 14
aclu/elections-api/congress_district:160,congress_districts_113/fl/congress_district_113_fl_15.geojson,FL Congressional District 15
aclu/elections-api/congress_district:161,congress_districts_113/fl/congress_district_113_fl_16.geojson,FL Congressional District 16
aclu/elections-api/congress_district:162,congress_districts_113/fl/congress_district_113_fl_17.geojson,FL Congressional District 17
aclu/elections-api/congress_district:163,congress_districts_113/fl/congress_district_113_fl_18.geojson,FL Congressional District 18
aclu/elections-api/congress_district:164,congress_districts_113/fl/congress_district_113_fl_19.geojson,FL Congressional District 19
aclu/elections-api/congress_district:165,congress_districts_113/fl/congress_district_113_fl_20.geojson,FL Congressional District 20
aclu/elections-api/congress_district:166,congress_districts_113/fl/congress_district_113_fl_21.geojson,FL Congressional District 21
aclu/elections-api/congress_district:167,congress_districts_113/fl/congress_district_113_fl_22.geojson,FL Congressional District 22
aclu/elections-api/congress_district:168,congress_districts_113/fl/congress_district_113_fl_23.geojson,FL Congressional District 23
aclu/elections-api/congress_district:169,congress_districts_113/fl/congress_district_113_fl_24.geojson,FL Congressional District 24
aclu/elections-api/congress_district:170,congress_districts_113/fl/congress_district_113_fl_25.geojson,FL Congressional District 25
aclu/elections-api/congress_district:171,congress_districts_113/fl/congress_district_113_fl_26.geojson,FL Congressional District 26
aclu/elections-api/congress_district:172,congress_districts_113/fl/congress_district_113_fl_27.geojson,FL Congressional District 27
aclu/elections-api/congress_district:173,congress_districts_113/ga/congress_district_113_ga_01.geojson,GA Congressional District 1
aclu/elections-api/congress_district:174,congress_districts_113/ga/congress_district_113_ga_02.geojson,GA Congressional District 2
aclu/elections-api/congress_district:175,congress_districts_113/ga/congress_district_113_ga_03.geojson,GA Congressional District 3
aclu/elections-api/congress_district:176,congress_districts_113/ga/congress_district_113_ga_04.geojson,GA Congressional District 4
aclu/elections-api/congress_district:177,congress_districts_113/ga/congress_district_113_ga_05.geojson,GA Congressional District 5
aclu/elections-api/congress_district:178,congress_districts_113/ga/congress_district_113_ga_06.geojson,GA Congressional District 6
aclu/elections-api/congress_district:179,congress_districts_113/ga/congress_district_113_ga_07.geojson,GA Congressional District 7
aclu/elections-api/congress_district:180,congress_districts_113/ga/congress_district_113_ga_08.geojson,GA Congressional District 8
aclu/elections-api/congress_district:181,congress_districts_113/ga/congress_district_113_ga_09.geojson,GA Congressional District 9
aclu/elections-api/congress_district:182,congress_districts_113/ga/congress_district_113_ga_10.geojson,GA Congressional District 10
aclu/elections-api/congress_district:183,congress_districts_113/ga/congress_district_113_ga_11.geojson,GA Congressional District 11
aclu/elections-api/congress_district:184,congress_districts_113/ga/congress_district_113_ga_12.geojson,GA Congressional District 12
aclu/elections-api/congress_district:185,congress_districts_113/ga/congress_district_113_ga_13.geojson,GA Congressional District 13
aclu/elections-api/congress_district:186,congress_districts_113/ga/congress_district_113_ga_14.geojson,GA Congressional District 14
aclu/elections-api/congress_district:187,congress_districts_113/gu/congress_district_113_gu_98.geojson,GU Delegate District (at Large)
aclu/elections-api/congress_district:188,congress_districts_113/hi/congress_district_113_hi_01.geojson,HI Congressional District 1
aclu/elections-api/congress_district:189,congress_districts_113/hi/congress_district_113_hi_02.geojson,HI Congressional District 2
aclu/elections-api/congress_district:190,congress_districts_113/ia/congress_district_113_ia_01.geojson,IA Congressional District 1
aclu/elections-api/congress_district:191,congress_districts_113/ia/congress_district_113_ia_02.geojson,IA Congressional District 2
aclu/elections-api/congress_district:192,congress_districts_113/ia/congress_district_113_ia_03.geojson,IA Congressional District 3
aclu/elections-api/congress_district:193,congress_districts_113/ia/congress_district_113_ia_04.geojson,IA Congressional District 4
aclu/elections-api/congress_district:194,congress_districts_113/id/congress_district_113_id_01.geojson,ID Congressional District 1
aclu/elections-api/congress_district:195,congress_districts_113/id/congress_district_113_id_02.geojson,ID Congressional District 2
aclu/elections-api/congress_district:196,congress_districts_113/il/congress_district_113_il_01.geojson,IL Congressional District 1
aclu/elections-api/congress_district:197,congress_districts_113/il/congress_district_113_il_02.geojson,IL Congressional District 2
aclu/elections-api/congress_district:198,congress_districts_113/il/congress_district_113_il_03.geojson,IL Congressional District 3
aclu/elections-api/congress_district:199,congress_districts_113/il/congress_district_113_il_04.geojson,IL Congressional District 4
aclu/elections-api/congress_district:200,congress_districts_113/il/congress_district_113_il_05.geojson,IL Congressional District 5
aclu/elections-api/congress_district:201,congress_districts_113/il/congress_district_113_il_06.geojson,IL Congressional District 6
aclu/elections-api/congress_district:202,congress_districts_113/il/congress_district_113_il_07.geojson,IL Congressional District 7
aclu/elections-api/congress_district:203,congress_districts_113/il/congress_district_113_il_08.geojson,IL Congressional District 8
aclu/elections-api/congress_district:204,congress_districts_113/il/congress_district_113_il_09.geojson,IL Congressional District 9
aclu/elections-api/congress_district:205,congress_districts_113/il/congress_district_113_il_10.geojson,IL Congressional District 10
aclu/elections-api/congress_district:206,congress_districts_113/il/congress_district_113_il_11.geojson,IL Congressional District 11
aclu/elections-api/congress_district:207,congress_districts_113/il/congress_district_113_il_12.geojson,IL Congressional District 12
aclu/elections-api/congress_district:208,congress_districts_113/il/congress_district_113_il_13.geojson,IL Congressional District 13
aclu/elections-api/congress_district:209,congress_districts_113/il/congress_district_113_il_14.geojson,IL Congressional District 14
aclu/elections-api/congress_district:210,congress_districts_113/il/congress_district_113_il_15.geojson,IL Congressional District 15
aclu/elections-api/congress_district:211,congress_districts_113/il/congress_district_113_il_16.geojson,IL Congressional District 16
aclu/elections-api/congress_district:212,congress_districts_113/il/congress_district_113_il_17.geojson,IL Congressional District 17
aclu/elections-api/congress_district:213,congress_districts_113/il/congress_district_113_il_18.geojson,IL Congressional District 18
aclu/elections-api/congress_district:214,congress_districts_113/in/congress_district_113_in_01.geojson,IN Congressional District 1
aclu/elections-api/congress_district:215,congress_districts_113/in/congress_district_113_in_02.geojson,IN Congressional District 2
aclu/elections-api/congress_district:216,congress_districts_113/in/congress_district_113_in_03.geojson,IN Congressional District 3
aclu/elections-api/congress_district:217,congress_districts_113/in/congress_district_113_in_04.geojson,IN Congressional District 4
aclu/elections-api/congress_district:218,congress_districts_113/in/congress_district_113_in_05.geojson,IN Congressional District 5
aclu/elections-api/congress_district:219,congress_districts_113/in/congress_district_113_in_06.geojson,IN Congressional District 6
aclu/elections-api/congress_district:220,congress_districts_113/in/congress_district_113_in_07.geojson,IN Congressional District 7
aclu/elections-api/congress_district:221,congress_districts_113/in/congress_district_113_in_08.geojson,IN Congressional District 8
aclu/elections-api/congress_district:222,congress_districts_113/in/congress_district_113_in_09.geojson,IN Congressional District 9
aclu/elections-api/congress_district:223,congress_districts_113/ks/congress_district_113_ks_01.geojson,KS Congressional District 1
aclu/elections-api/congress_district:224,congress_districts_113/ks/congress_district_113_ks_02.geojson,KS Congressional District 2
aclu/elections-api/congress_district:225,congress_districts_113/ks/congress_district_113_ks_03.geojson,KS Congressional District 3
aclu/elections-api/congress_district:226,congress_districts_113/ks/congress_district_113_ks_04.geojson,KS Congressional District 4
aclu/elections-api/congress_district:227,congress_districts_113/ky/congress_district_113_ky_01.geojson,KY Congressional District 1
aclu/elections-api/congress_district:228,congress_districts_113/ky/congress_district_113_ky_02.geojson,KY Congressional District 2
aclu/elections-api/congress_district:229,congress_districts_113/ky/congress_district_113_ky_03.geojson,KY Congressional District 3
aclu/elections-api/congress_district:230,congress_districts_113/ky/congress_district_113_ky_04.geojson,KY Congressional District 4
aclu/elections-api/congress_district:231,congress_districts_113/ky/congress_district_113_ky_05.geojson,KY Congressional District 5
aclu/elections-api/congress_district:232,congress_districts_113/ky/congress_district_113_ky_06.geojson,KY Congressional District 6
aclu/elections-api/congress_district:233,congress_districts_113/la/congress_district_113_la_01.geojson,LA Congressional District 1
aclu/elections-api/congress_district:234,congress_districts_113/la/congress_district_113_la_02.geojson,LA Congressional District 2
aclu/elections-api/congress_district:235,congress_districts_113/la/congress_district_113_la_03.geojson,LA Congressional District 3
aclu/elections-api/congress_district:236,congress_districts_113/la/congress_district_113_la_04.geojson,LA Congressional District 4
aclu/elections-api/congress_district:237,congress_districts_113/la/congress_district_113_la_05.geojson,LA Congressional District 5
aclu/elections-api/congress_district:238,congress_districts_113/la/congress_district_113_la_06.geojson,LA Congressional District 6
aclu/elections-api/congress_district:239,congress_districts_113/ma/congress_district_113_ma_01.geojson,MA Congressional District 1
aclu/elections-api/congress_district:240,congress_districts_113/ma/congress_district_113_ma_02.geojson,MA Congressional District 2
aclu/elections-api/congress_district:241,congress_districts_113/ma/congress_district_113_ma_03.geojson,MA Congressional District 3
aclu/elections-api/congress_district:242,congress_districts_113/ma/congress_district_113_ma_04.geojson,MA Congressional District 4
aclu/elections-api/congress_district:243,congress_districts_113/ma/congress_district_113_ma_05.geojson,MA Congressional District 5
aclu/elections-api/congress_district:244,congress_districts_113/ma/congress_district_113_ma_06.geojson,MA Congressional District 6
aclu/elections-api/congress_district:245,congress_districts_113/ma/congress_district_113_ma_07.geojson,MA Congressional District 7
aclu/elections-api/congress_district:246,congress_districts_113/ma/congress_district_113_ma_08.geojson,MA Congressional District 8
aclu/elections-api/congress_district:247,congress_districts_113/ma/congress_district_113_ma_09.geojson,MA Congressional District 9
aclu/elections-api/congress_district:248,congress_districts_113/md/congress_district_113_md_01.geojson,MD Congressional District 1
aclu/elections-api/congress_district:249,congress_districts_113/md/congress_district_113_md_02.geojson,MD Congressional District 2
aclu/elections-api/congress_district:250,congress_districts_113/md/congress_district_113_md_03.geojson,MD Congressional District 3
aclu/elections-api/congress_district:251,congress_districts_113/md/congress_district_113_md_04.geojson,MD Congressional District 4
aclu/elections-api/congress_district:252,congress_districts_113/md/congress_district_113_md_05.geojson,MD Congressional District 5
aclu/elections-api/congress_district:253,congress_districts_113/md/congress_district_113_md_06.geojson,MD Congressional District 6
aclu/elections-api/congress_district:254,congress_districts_113/md/congress_district_113_md_07.geojson,MD Congressional District 7
aclu/elections-api/congress_district:255,congress_districts_113/md/congress_district_113_md_08.geojson,MD Congressional District 8
aclu/elections-api/congress_district:256,congress_districts_113/me/congress_district_113_me_01.geojson,ME Congressional District 1
aclu/elections-api/congress_district:257,congress_districts_113/me/congress_district_113_me_02.geojson,ME Congressional District 2
aclu/elections-api/congress_district:258,congress_districts_113/mi/congress_district_113_mi_01.geojson,MI Congressional District 1
aclu/elections-api/congress_district:259,congress_districts_113/mi/congress_district_113_mi_02.geojson,MI Congressional District 2
aclu/elections-api/congress_district:260,congress_districts_113/mi/congress_district_113_mi_03.geojson,MI Congressional District 3
aclu/elections-api/congress_district:261,congress_districts_113/mi/congress_district_113_mi_04.geojson,MI Congressional District 4
aclu/elections-api/congress_district:262,congress_districts_113/mi/congress_district_113_mi_05.geojson,MI Congressional District 5
aclu/elections-api/congress_district:263,congress_districts_113/mi/congress_district_113_mi_06.geojson,MI Congressional District 6
aclu/elections-api/congress_district:264,congress_districts_113/mi/congress_district_113_mi_07.geojson,MI Congressional District 7
aclu/elections-api/congress_district:265,congress_districts_113/mi/congress_district_113_mi_08.geojson,MI Congressional District 8
aclu/elections-api/congress_district:266,congress_districts_113/mi/congress_district_113_mi_09.geojson,MI Congressional District 9
aclu/elections-api/congress_district:267,congress_districts_113/mi/congress_district_113_mi_10.geojson,MI Congressional District 10
aclu/elections-api/congress_district:268,congress_districts_113/mi/congress_district_113_mi_11.geojson,MI Congressional District 11
aclu/elections-api/congress_district:269,congress_districts_113/mi/congress_district_113_mi_12.geojson,MI Congressional District 12
aclu/elections-api/congress_district:270,congress_districts_113/mi/congress_district_113_mi_13.geojson,MI Congressional District 13
aclu/elections-api/congress_district:271,congress_districts_113/mi/congress_district_113_mi_14.geojson,MI Congressional District 14
aclu/elections-api/congress_district:272,congress_districts_113/mn/congress_district_113_mn_01.geojson,MN Congressional District 1
aclu/elections-api/congress_district:273,congress_districts_113/mn/congress_district_113_mn_02.geojson,MN Congressional District 2
aclu/elections-api/congress_district:274,congress_districts_113/mn/congress_district_113_mn_03.geojson,MN Congressional District 3
aclu/elections-api/congress_district:275,congress_districts_113/mn/congress_district_113_mn_04.geojson,MN Congressional District 4
aclu/elections-api/congress_district:276,congress_districts_113/mn/congress_district_113_mn_05.geojson,MN Congressional District 5
aclu/elections-api/congress_district:277,congress_districts_113/mn/congress_district_113_mn_06.geojson,MN Congressional District 6
aclu/elections-api/congress_district:278,congress_districts_113/mn/congress_district_113_mn_07.geojson,MN Congressional District 7
aclu/elections-api/congress_district:279,congress_districts_113/mn/congress_district_113_mn_08.geojson,MN Congressional District 8
aclu/elections-api/congress_district:280,congress_districts_113/mo/congress_district_113_mo_01.geojson,MO Congressional District 1
aclu/elections-api/congress_district:281,congress_districts_113/mo/congress_district_113_mo_02.geojson,MO Congressional District 2
aclu/elections-api/congress_district:282,congress_districts_113/mo/congress_district_113_mo_03.geojson,MO Congressional District 3
aclu/elections-api/congress_district:283,congress_districts_113/mo/congress_district_113_mo_04.geojson,MO Congressional District 4
aclu/elections-api/congress_district:284,congress_districts_113/mo/congress_district_113_mo_05.geojson,MO Congressional District 5
aclu/elections-api/congress_district:285,congress_districts_113/mo/congress_district_113_mo_06.geojson,MO Congressional District 6
aclu/elections-api/congress_district:286,congress_districts_113/mo/congress_district_113_mo_07.geojson,MO Congressional District 7
aclu/elections-api/congress_district:287,congress_districts_113/mo/congress_district_113_mo_08.geojson,MO Congressional District 8
aclu/elections-api/congress_district:288,congress_districts_113/mp/congress_district_113_mp_98.geojson,MP Delegate District (at Large)
aclu/elections-api/congress_district:289,congress_districts_113/ms/congress_district_113_ms_01.geojson,MS Congressional District 1
aclu/elections-api/congress_district:290,congress_districts_113/ms/congress_district_113_ms_02.geojson,MS Congressional District 2
aclu/elections-api/congress_district:291,congress_districts_113/ms/congress_district_113_ms_03.geojson,MS Congressional District 3
aclu/elections-api/congress_district:292,congress_districts_113/ms/congress_district_113_ms_04.geojson,MS Congressional District 4
aclu/elections-api/congress_district:293,congress_districts_113/mt/congress_district_113_mt_00.geojson,MT Congressional District (at Large)
aclu/elections-api/congress_district:294,congress_districts_113/nc/congress_district_113_nc_01.geojson,NC Congressional District 1
aclu/elections-api/congress_district:295,congress_districts_113/nc/congress_district_113_nc_02.geojson,NC Congressional District 2
aclu/elections-api/congress_district:296,congress_districts_113/nc/congress_district_113_nc_03.geojson,NC Congressional District 3
aclu/elections-api/congress_district:297,congress_districts_113/nc/congress_district_113_nc_04.geojson,NC Congressional District 4
aclu/elections-api/congress_district:298,congress_districts_113/nc/congress_district_113_nc_05.geojson,NC Congressional District 5
aclu/elections-api/congress_district:299,congress_districts_113/nc/congress_district_113_nc_06.geojson,NC Congressional District 6
aclu/elections-api/congress_district:300,congress_districts_113/nc/congress_district_113_nc_07.geojson,NC Congressional District 7
aclu/elections-api/congress_district:301,congress_districts_113/nc/congress_district_113_nc_08.geojson,NC Congressional District 8
aclu/elections-api/congress_district:302,congress_districts_113/nc/congress_district_113_nc_09.geojson,NC Congressional District 9
aclu/elections-api/congress_district:303,congress_districts_113/nc/congress_district_113_nc_10.geojson,NC Congressional District 10
aclu/elections-api/congress_district:304,congress_districts_113/nc/congress_district_113_nc_11.geojson,NC Congressional District 11
aclu/elections-api/congress_district:305,congress_districts_113/nc/congress_district_113_nc_12.geojson,NC Congressional District 12
aclu/elections-api/congress_district:306,congress_districts_113/nc/congress_district_113_nc_13.geojson,NC Congressional District 13
aclu/elections-api/congress_district:307,congress_districts_113/nd/congress_district_113_nd_00.geojson,ND Congressional District (at Large)
aclu/elections-api/congress_district:308,congress_districts_113/ne/congress_district_113_ne_01.geojson,NE Congressional District 1
aclu/elections-api/congress_district:309,congress_districts_113/ne/congress_district_113_ne_02.geojson,NE Congressional District 2
aclu/elections-api/congress_district:310,congress_districts_113/ne/congress_district_113_ne_03.geojson,NE Congressional District 3
aclu/elections-api/congress_district:311,congress_districts_113/nh/congress_district_113_nh_01.geojson,NH Congressional District 1
aclu/elections-api/congress_district:312,congress_districts_113/nh/congress_district_113_nh_02.geojson,NH Congressional District 2
aclu/elections-api/congress_district:313,congress_districts_113/nj/congress_district_113_nj_01.geojson,NJ Congressional District 1
aclu/elections-api/congress_district:314,congress_districts_113/nj/congress_district_113_nj_02.geojson,NJ Congressional District 2
aclu/elections-api/congress_district:315,congress_districts_113/nj/congress_district_113_nj_03.geojson,NJ Congressional District 3
aclu/elections-api/congress_district:316,congress_districts_113/nj/congress_district_113_nj_04.geojson,NJ Congressional District 4
aclu/elections-api/congress_district:317,congress_districts_113/nj/congress_district_113_nj_05.geojson,NJ Congressional District 5
aclu/elections-api/congress_district:318,congress_districts_113/nj/congress_district_113_nj_06.geojson,NJ Congressional District 6
aclu/elections-api/congress_district:319,congress_districts_113/nj/congress_district_113_nj_07.geojson,NJ Congressional District 7
aclu/elections-api/congress_district:320,congress_districts_113/nj/congress_district_113_nj_08.geojson,NJ Congressional District 8
aclu/elections-api/congress_district:321,congress_districts_113/nj/congress_district_113_nj_09.geojson,NJ Congressional District 9
aclu/elections-api/congress_district:322,congress_districts_113/nj/congress_district_113_nj_10.geojson,NJ Congressional District 10
aclu/elections-api/congress_district:323,congress_districts_113/nj/congress_district_113_nj_11.geojson,NJ Congressional District 11
aclu/elections-api/congress_district:324,congress_districts_113/nj/congress_district_113_nj_12.geojson,NJ Congressional District 12
aclu/elections-api/congress_district:325,congress_districts_113/nm/congress_district_113_nm_01.geojson,NM Congressional District 1
aclu/elections-api/congress_district:326,congress_districts_113/nm/congress_district_113_nm_02.geojson,NM Congressional District 2
aclu/elections-api/congress_district:327,congress_districts_113/nm/congress_district_113_nm_03.geojson,NM Congressional District 3
aclu/elections-api/congress_district:328,congress_districts_113/nv/congress_district_113_nv_01.geojson,NV Congressional District 1
aclu/elections-api/congress_district:329,congress_districts_113/nv/congress_district_113_nv_02.geojson,NV Congressional District 2
aclu/elections-api/congress_district:330,congress_districts_113/nv/congress_district_113_nv_03.geojson,NV Congressional District 3
aclu/elections-api/congress_district:331,congress_districts_113/nv/congress_district_113_nv_04.geojson,NV Congressional District 4
aclu/elections-api/congress_district:332,congress_districts_113/ny/congress_district_113_ny_01.geojson,NY Congressional District 1
aclu/elections-api/congress_district:333,congress_districts_113/ny/congress_district_113_ny_02.geojson,NY Congressional District 2
aclu/elections-api/congress_district:334,congress_districts_113/ny/congress_district_113_ny_03.geojson,NY Congressional District 3
aclu/elections-api/congress_district:335,congress_districts_113/ny/congress_district_113_ny_04.geojson,NY Congressional District 4
aclu/elections-api/congress_district:336,congress_districts_113/ny/congress_district_113_ny_05.geojson,NY Congressional District 5
aclu/elections-api/congress_district:337,congress_districts_113/ny/congress_district_113_ny_06.geojson,NY Congressional District 6
aclu/elections-api/congress_district:338,congress_districts_113/ny/congress_district_113_ny_07.geojson,NY Congressional District 7
aclu/elections-api/congress_district:339,congress_districts_113/ny/congress_district_113_ny_08.geojson,NY Congressional District 8
aclu/elections-api/congress_district:340,congress_districts_113/ny/congress_district_113_ny_09.geojson,NY Congressional District 9
aclu/elections-api/congress_district:341,congress_districts_113/ny/congress_district_113_ny_10.geojson,NY Congressional District 10
aclu/elections-api/congress_district:342,congress_districts_113/ny/congress_district_113_ny_11.geojson,NY Congressional District 11
aclu/elections-api/congress_district:343,congress_districts_113/ny/congress_district_113_ny_12.geojson,NY Congressional District 12
aclu/elections-api/congress_district:344,congress_districts_113/ny/congress_district_113_ny_13.geojson,NY Congressional District 13
aclu/elections-api/congress_district:345,congress_districts_113/ny/congress_district_113_ny_14.geojson,NY Congressional District 14
aclu/elections-api/congress_district:346,congress_districts_113/ny/congress_district_113_ny_15.geojson,NY Congressional District 15
aclu/elections-api/congress_district:347,congress_districts_113/ny/congress_district_113_ny_16.geojson,NY Congressional District 16
aclu/elections-api/congress_district:348,congress_districts_113/ny/congress_district_113_ny_17.geojson,NY Congressional District 17
aclu/elections-api/congress_district:349,congress_districts_113/ny/congress_district_113_ny_18.geojson,NY Congressional District 18
aclu/elections-api/congress_district:350,congress_districts_113/ny/congress_district_113_ny_19.geojson,NY Congressional District 19
aclu/elections-api/congress_district:351,congress_districts_113/ny/congress_district_113_ny_20.geojson,NY Congressional District 20
aclu/elections-api/congress_district:352,congress_districts_113/ny/congress_district_113_ny_21.geojson,NY Congressional District 21
aclu/elections-api/congress_district:353,congress_districts_113/ny/congress_district_113_ny_22.geojson,NY Congressional District 22
aclu/elections-api/congress_district:354,congress_districts_113/ny/congress_district_113_ny_23.geojson,NY Congressional District 23
aclu/elections-api/congress_district:355,congress_districts_113/ny/congress_district_113_ny_24.geojson,NY Congressional District 24
aclu/elections-api/congress_district:356,congress_districts_113/ny/congress_district_113_ny_25.geojson,NY Congressional District 25
aclu/elections-api/congress_district:357,congress_districts_113/ny/congress_district_113_ny_26.geojson,NY Congressional District 26
aclu/elections-api/congress_district:358,congress_districts_113/ny/congress_district_113_ny_27.geojson,NY Congressional District 27
aclu/elections-api/congress_district:359,congress_districts_113/oh/congress_district_113_oh_01.geojson,OH Congressional District 1
aclu/elections-api/congress_district:360,congress_districts_113/oh/congress_district_113_oh_02.geojson,OH Congressional District 2
aclu/elections-api/congress_district:361,congress_districts_113/oh/congress_district_113_oh_03.geojson,OH Congressional District 3
aclu/elections-api/congress_district:362,congress_districts_113/oh/congress_district_113_oh_04.geojson,OH Congressional District 4
aclu/elections-api/congress_district:363,congress_districts_113/oh/congress_district_113_oh_05.geojson,OH Congressional District 5
aclu/elections-api/congress_district:364,congress_districts_113/oh/congress_district_113_oh_06.geojson,OH Congressional District 6
aclu/elections-api/congress_district:365,congress_districts_113/oh/congress_district_113_oh_07.geojson,OH Congressional District 7
aclu/elections-api/congress_district:366,congress_districts_113/oh/congress_district_113_oh_08.geojson,OH Congressional District 8
aclu/elections-api/congress_district:367,congress_districts_113/oh/congress_district_113_oh_09.geojson,OH Congressional District 9
aclu/elections-api/congress_district:368,congress_districts_113/oh/congress_district_113_oh_10.geojson,OH Congressional District 10
aclu/elections-api/congress_district:369,congress_districts_113/oh/congress_district_113_oh_11.geojson,OH Congressional District 11
aclu/elections-api/congress_district:370,congress_districts_113/oh/congress_district_113_oh_12.geojson,OH Congressional District 12
aclu/elections-api/congress_district:371,congress_districts_113/oh/congress_district_113_oh_13.geojson,OH Congressional District 13
aclu/elections-api/congress_district:372,congress_districts_113/oh/congress_district_113_oh_14.geojson,OH Congressional District 14
aclu/elections-api/congress_district:373,congress_districts_113/oh/congress_district_113_oh_15.geojson,OH Congressional District 15
aclu/elections-api/congress_district:374,congress_districts_113/oh/congress_district_113_oh_16.geojson,OH Congressional District 16
aclu/elections-api/congress_district:375,congress_districts_113/ok/congress_district_113_ok_01.geojson,OK Congressional District 1
aclu/elections-api/congress_district:376,congress_districts_113/ok/congress_district_113_ok_02.geojson,OK Congressional District 2
aclu/elections-api/congress_district:377,congress_districts_113/ok/congress_district_113_ok_03.geojson,OK Congressional District 3
aclu/elections-api/congress_district:378,congress_districts_113/ok/congress_district_113_ok_04.geojson,OK Congressional District 4
aclu/elections-api/congress_district:379,congress_districts_113/ok/congress_district_113_ok_05.geojson,OK Congressional District 5
aclu/elections-api/congress_district:380,congress_districts_113/or/congress_district_113_or_01.geojson,OR Congressional District 1
aclu/elections-api/congress_district:381,congress_districts_113/or/congress_district_113_or_02.geojson,OR Congressional District 2
aclu/elections-api/congress_district:382,congress_districts_113/or/congress_district_113_or_03.geojson,OR Congressional District 3
aclu/elections-api/congress_district:383,congress_districts_113/or/congress_district_113_or_04.geojson,OR Congressional District 4
aclu/elections-api/congress_district:384,congress_districts_113/or/congress_district_113_or_05.geojson,OR Congressional District 5
aclu/elections-api/congress_district:385,congress_districts_113/pa/congress_district_113_pa_01.geojson,PA Congressional District 1
aclu/elections-api/congress_district:386,congress_districts_113/pa/congress_district_113_pa_02.geojson,PA Congressional District 2
aclu/elections-api/congress_district:387,congress_districts_113/pa/congress_district_113_pa_03.geojson,PA Congressional District 3
aclu/elections-api/congress_district:388,congress_districts_113/pa/congress_district_113_pa_04.geojson,PA Congressional District 4
aclu/elections-api/congress_district:389,congress_districts_113/pa/congress_district_113_pa_05.geojson,PA Congressional District 5
aclu/elections-api/congress_district:390,congress_districts_113/pa/congress_district_113_pa_06.geojson,PA Congressional District 6
aclu/elections-api/congress_district:391,congress_districts_113/pa/congress_district_113_pa_07.geojson,PA Congressional District 7
aclu/elections-api/congress_district:392,congress_districts_113/pa/congress_district_113_pa_08.geojson,PA Congressional District 8
aclu/elections-api/congress_district:393,congress_districts_113/pa/congress_district_113_pa_09.geojson,PA Congressional District 9
aclu/elections-api/congress_district:394,congress_districts_113/pa/congress_district_113_pa_10.geojson,PA Congressional District 10
aclu/elections-api/congress_district:395,congress_districts_113/pa/congress_district_113_pa_11.geojson,PA Congressional District 11
aclu/elections-api/congress_district:396,congress_districts_113/pa/congress_district_113_pa_12.geojson,PA Congressional District 12
aclu/elections-api/congress_district:397,congress_districts_113/pa/congress_district_113_pa_13.geojson,PA Congressional District 13
aclu/elections-api/congress_district:398,congress_districts_113/pa/congress_district_113_pa_14.geojson,PA Congressional District 14
aclu/elections-api/congress_district:399,congress_districts_113/pa/congress_district_113_pa_15.geojson,PA Congressional District 15
aclu/elections-api/congress_district:400,congress_districts_113/pa/congress_district_113_pa_16.geojson,PA Congressional District 16
aclu/elections-api/congress_district:401,congress_districts_113/pa/congress_district_113_pa_17.geojson,PA Congressional District 17
aclu/elections-api/congress_district:402,congress_districts_113/pa/congress_district_113_pa_18.geojson,PA Congressional District 18
aclu/elections-api/congress_district:403,congress_districts_113/pr/congress_district_113_pr_98.geojson,PR Resident Commissioner District (at Large)
aclu/elections-api/congress_district:404,congress_districts_113/ri/congress_district_113_ri_01.geojson,RI Congressional District 1
aclu/elections-api/congress_district:405,congress_districts_113/ri/congress_district_113_ri_02.geojson,RI Congressional District 2
aclu/elections-api/congress_district:406,congress_districts_113/sc/congress_district_113_sc_01.geojson,SC Congressional District 1
aclu/elections-api/congress_district:407,congress_districts_113/sc/congress_district_113_sc_02.geojson,SC Congressional District 2
aclu/elections-api/congress_district:408,congress_districts_113/sc/congress_district_113_sc_03.geojson,SC Congressional District 3
aclu/elections-api/congress_district:409,congress_districts_113/sc/congress_district_113_sc_04.geojson,SC Congressional District 4
aclu/elections-api/congress_district:410,congress_districts_113/sc/congress_district_113_sc_05.geojson,SC Congressional District 5
aclu/elections-api/congress_district:411,congress_districts_113/sc/congress_district_113_sc_06.geojson,SC Congressional District 6
aclu/elections-api/congress_district:412,congress_districts_113/sc/congress_district_113_sc_07.geojson,SC Congressional District 7
aclu/elections-api/congress_district:413,congress_districts_113/sd/congress_district_113_sd_00.geojson,SD Congressional District (at Large)
aclu/elections-api/congress_district:414,congress_districts_113/tn/congress_district_113_tn_01.geojson,TN Congressional District 1
aclu/elections-api/congress_district:415,congress_districts_113/tn/congress_district_113_tn_02.geojson,TN Congressional District 2
aclu/elections-api/congress_district:416,congress_districts_113/tn/congress_district_113_tn_03.geojson,TN Congressional District 3
aclu/elections-api/congress_district:417,congress_districts_113/tn/congress_district_113_tn_04.geojson,TN Congressional District 4
aclu/elections-api/congress_district:418,congress_districts_113/tn/congress_district_113_tn_05.geojson,TN Congressional District 5
aclu/elections-api/congress_district:419,congress_districts_113/tn/congress_district_113_tn_06.geojson,TN Congressional District 6
aclu/elections-api/congress_district:420,congress_districts_113/tn/congress_district_113_tn_07.geojson,TN Congressional District 7
aclu/elections-api/congress_district:421,congress_districts_113/tn/congress_district_113_tn_08.geojson,TN Congressional District 8
aclu/elections-api/congress_district:422,congress_districts_113/tn/congress_district_113_tn_09.geojson,TN Congressional District 9
aclu/elections-api/congress_district:423,congress_districts_113/tx/congress_district_113_tx_01.geojson,TX Congressional District 1
aclu/elections-api/congress_district:424,congress_districts_113/tx/congress_district_113_tx_02.geojson,TX Congressional District 2
aclu/elections-api/congress_district:425,congress_districts_113/tx/congress_district_113_tx_03.geojson,TX Congressional District 3
aclu/elections-api/congress_district:426,congress_districts_113/tx/congress_district_113_tx_04.geojson,TX Congressional District 4
aclu/elections-api/congress_district:427,congress_districts_113/tx/congress_district_113_tx_05.geojson,TX Congressional District 5
aclu/elections-api/congress_district:428,congress_districts_113/tx/congress_district_113_tx_06.geojson,TX Congressional District 6
aclu/elections-api/congress_district:429,congress_districts_113/tx/congress_district_113_tx_07.geojson,TX Congressional District 7
aclu/elections-api/congress_district:430,congress_districts_113/tx/congress_district_113_tx_08.geojson,TX Congressional District 8
aclu/elections-api/congress_district:431,congress_districts_113/tx/congress_district_113_tx_09.geojson,TX Congressional District 9
aclu/elections-api/congress_district:432,congress_districts_113/tx/congress_district_113_tx_10.geojson,TX Congressional District 10
aclu/elections-api/congress_district:433,congress_districts_113/tx/congress_district_113_tx_11.geojson,TX Congressional District 11
aclu/elections-api/congress_district:434,congress_districts_113/tx/congress_district_113_tx_12.geojson,TX Congressional District 12
aclu/elections-api/congress_district:435,congress_districts_113/tx/congress_district_113_tx_13.geojson,TX Congressional District 13
aclu/elections-api/congress_district:436,congress_districts_113/tx/congress_district_113_tx_14.geojson,TX Congressional District 14
aclu/elections-api/congress_district:437,congress_districts_113/tx/congress_district_113_tx_15.geojson,TX Congressional District 15
aclu/elections-api/congress_district:438,congress_districts_113/tx/congress_district_113_tx_16.geojson,TX Congressional District 16
aclu/elections-api/congress_district:439,congress_districts_113/tx/congress_district_113_tx_17.geojson,TX Congressional District 17
aclu/elections-api/congress_district:440,congress_districts_113/tx/congress_district_113_tx_18.geojson,TX Congressional District 18
aclu/elections-api/congress_district:441,congress_districts_113/tx/congress_district_113_tx_19.geojson,TX Congressional District 19
aclu/elections-api/congress_district:442,congress_districts_113/tx/congress_district_113_tx_20.geojson,TX Congressional District 20
aclu/elections-api/congress_district:443,congress_districts_113/tx/congress_district_113_tx_21.geojson,TX Congressional District 21
aclu/elections-api/congress_district:444,congress_districts_113/tx/congress_district_113_tx_22.geojson,TX Congressional District 22
aclu/elections-api/congress_district:445,congress_districts_113/tx/congress_district_113_tx_23.geojson,TX Congressional District 23
aclu/elections-api/congress_district:446,congress_districts_113/tx/congress_district_113_tx_24.geojson,TX Congressional District 24
aclu/elections-api/congress_district:447,congress_districts_113/tx/congress_district_113_tx_25.geojson,TX Congressional District 25
aclu/elections-api/congress_district:448,congress_districts_113/tx/congress_district_113_tx_26.geojson,TX Congressional District 26
aclu/elections-api/congress_district:449,congress_districts_113/tx/congress_district_113_tx_27.geojson,TX Congressional District 27
aclu/elections-api/congress_district:450,congress_districts_113/tx/congress_district_113_tx_28.geojson,TX Congressional District 28
aclu/elections-api/congress_district:451,congress_districts_113/tx/congress_district_113_tx_29.geojson,TX Congressional District 29
aclu/elections-api/congress_district:452,congress_districts_113/tx/congress_district_113_tx_30.geojson,TX Congressional District 30
aclu/elections-api/congress_district:453,congress_districts_113/tx/congress_district_113_tx_31.geojson,TX Congressional District 31
aclu/elections-api/congress_district:454,congress_districts_113/tx/congress_district_113_tx_32.geojson,TX Congressional District 32
aclu/elections-api/congress_district:455,congress_districts_113/tx/congress_district_113_tx_33.geojson,TX Congressional District 33
aclu/elections-api/congress_district:456,congress_districts_113/tx/congress_district_113_tx_34.geojson,TX Congressional District 34
aclu/elections-api/congress_district:457,congress_districts_113/tx/congress_district_113_tx_35.geojson,TX Congressional District 35
aclu/elections-api/congress_district:458,congress_districts_113/tx/congress_district_113_tx_36.geojson,TX Congressional District 36
aclu/elections-api/congress_district:459,congress_districts_113/ut/congress_district_113_ut_01.geojson,UT Congressional District 1
aclu/elections-api/congress_district:460,congress_districts_113/ut/congress_district_113_ut_02.geojson,UT Congressional District 2
aclu/elections-api/congress_district:461,congress_districts_113/ut/congress_district_113_ut_03.geojson,UT Congressional District 3
aclu/elections-api/congress_district:462,congress_districts_113/ut/congress_district_113_ut_04.geojson,UT Congressional District 4
aclu/elections-api/congress_district:463,congress_districts_113/va/congress_district_113_va_01.geojson,VA Congressional District 1
aclu/elections-api/congress_district:464,congress_districts_113/va/congress_district_113_va_02.geojson,VA Congressional District 2
aclu/elections-api/congress_district:465,congress_districts_113/va/congress_district_113_va_03.geojson,VA Congressional District 3
aclu/elections-api/congress_district:466,congress_districts_113/va/congress_district_113_va_04.geojson,VA Congressional District 4
aclu/elections-api/congress_district:467,congress_districts_113/va/congress_district_113_va_05.geojson,VA Congressional District 5
aclu/elections-api/congress_district:468,congress_districts_113/va/congress_district_113_va_06.geojson,VA Congressional District 6
aclu/elections-api/congress_district:469,congress_districts_113/va/congress_district_113_va_07.geojson,VA Congressional District 7
aclu/elections-api/congress_district:470,congress_districts_113/va/congress_district_113_va_08.geojson,VA Congressional District 8
aclu/elections-api/congress_district:471,congress_districts_113/va/congress_district_113_va_09.geojson,VA Congressional District 9
aclu/elections-api/congress_district:472,congress_districts_113/va/congress_district_113_va_10.geojson,VA Congressional District 10
aclu/elections-api/congress_district:473,congress_districts_113/va/congress_district_113_va_11.geojson,VA Congressional District 11
aclu/elections-api/congress_district:474,congress_districts_113/vi/congress_district_113_vi_98.geojson,VI Delegate District (at Large)
aclu/elections-api/congress_district:475,congress_districts_113/vt/congress_district_113_vt_00.geojson,VT Congressional District (at Large)
aclu/elections-api/congress_district:476,congress_districts_113/wa/congress_district_113_wa_01.geojson,WA Congressional District 1
aclu/elections-api/congress_district:477,congress_districts_113/wa/congress_district_113_wa_02.geojson,WA Congressional District 2
aclu/elections-api/congress_district:478,congress_districts_113/wa/congress_district_113_wa_03.geojson,WA Congressional District 3
aclu/elections-api/congress_district:479,congress_districts_113/wa/congress_district_113_wa_04.geojson,WA Congressional District 4
aclu/elections-api/congress_district:480,congress_districts_113/wa/congress_district_113_wa_05.geojson,WA Congressional District 5
aclu/elections-api/congress_district:481,congress_districts_113/wa/congress_district_113_wa_06.geojson,WA Congressional District 6
aclu/elections-api/congress_district:482,congress_districts_113/wa/congress_district_113_wa_07.geojson,WA Congressional District 7
aclu/elections-api/congress_district:483,congress_districts_113/wa/congress_district_113_wa_08.geojson,WA Congressional District 8
aclu/elections-api/congress_district:484,congress_districts_113/wa/congress_district_113_wa_09.geojson,WA Congressional District 9
aclu/elections-api/congress_district:485,congress_districts_113/wa/congress_district_113_wa_10.geojson,WA Congressional District 10
aclu/elections-api/congress_district:486,congress_districts_113/wi/congress_district_113_wi_01.geojson,WI Congressional District 1
aclu/elections-api/congress_district:487,congress_districts_113/wi/congress_district_113_wi_02.geojson,WI Congressional District 2
aclu/elections-api/congress_district:488,congress_districts_113/wi/congress_district_113_wi_03.geojson,WI Congressional District 3
aclu/elections-api/congress_district:489,congress_districts_113/wi/congress_district_113_wi_04.geojson,WI Congressional District 4
aclu/elections-api/congress_district:490,congress_districts_113/wi/congress_district_113_wi_05.geojson,WI Congressional District 5
aclu/elections-api/congress_district:491,congress_districts_113/wi/congress_district_113_wi_06.geojson,WI Congressional District 6
aclu/elections-api/congress_district:492,congress_districts_113/wi/congress_district_113_wi_07.geojson,WI Congressional District 7
aclu/elections-api/congress_district:493,congress_districts_113/wi/congress_district_113_wi_08.geojson,WI Congressional District 8
aclu/elections-api/congress_district:494,congress_districts_113/wv/congress_district_113_wv_01.geojson,WV Congressional District 1
aclu/elections-api/congress_district:495,congress_districts_113/wv/congress_district_113_wv_02.geojson,WV Congressional District 2
aclu/elections-api/congress_district:496,congress_districts_113/wv/congress_district_113_wv_03.geojson,WV Congressional District 3
aclu/elections-api/congress_district:497,congress_districts_113/wy/congress_district_113_wy_00.geojson,WY Congressional District (at Large)
